codigo_material,preco_real,qtde_min,descricao,modelos,origem,t,ipi,ncm_classif_fiscal,codigo_barras
0000-670-6000,664.17,1,Recipiente de água,TS350 TS420 TS760 TS800,1,10,5.2,84679900,795711809591
0000-790-4400,1227.44,1,Apoio dorsal RTS,HT75 HT131,6,10,5.2,84679900,795711424527
0000-790-7700,35.89,1,Cinto peitoral,BR800,1,0,0.0,63079090,795711424671
0000-790-8600,72.48,1,Grampo HT,HT75 HT131 HT133,3,10,5.2,84679100,886661389599
0000-792-9160,28.92,1,Proteção da corrente Tophandle 35 cm,,1,10,9.75,39269090,795711809546
0000-792-9170,16.28,1,Proteção da corrente 25 cm 3005 mini,HTA50.0,1,10,9.75,39269090,795711937355
0000-792-9171,18.78,1,Proteção da corrente 30 - 35 cm 3005 min,MS170 MS172 MS180 MSA160 MSAKA MSAKM HT75 HT131-PMN,1,10,9.75,39269090,795711937362
0000-792-9172,18.78,1,Proteção da corrente 30 - 35 cm 3005,MS210 MS230 MS250 Corrente Picco Micro,1,10,9.75,39269090,795711937379
0000-792-9173,21.28,1,Proteção da corrente 40 - 45 cm 3005,MS230 MS250 Corrente Picco Micro,1,10,9.75,39269090,795711937386
0000-792-9174,19.28,1,Proteção da corrente 32 - 37cm 3003/3002,MS260 MS310 MS361 MS381,1,10,9.75,39269090,795711937393
0000-792-9175,21.28,1,Proteção da corrente 40 - 45 cm 3003,MS260 MS310 MS361 MS381 MS460 MS650,1,10,9.75,39269090,795711937409
0000-792-9176,23.78,1,Proteção da corrente 50 - 55 cm,MS310 MS361 MS382 MS460 MS650 MS660,1,10,9.75,39269090,795711937416
0000-792-9177,25.79,1,Proteção da corrente 63 cm,MS460 MS650 MS660,1,10,9.75,39269090,795711937423
0000-792-9178,28.8,1,Proteção da corrente 71 - 75 cm,MS660,1,10,9.75,39269090,795711937430
0000-881-8204,3.71,150,Cortador de fio de corte,Kit com 150 unidades - Aplicável em todos os Fios de Corte,1,0,7.8,82119390,886661068883
0000-882-9700,729.0,1,Caixa de bateria P Cinza,Toda linha de baterias,1,0,9.75,39231090,886661958290
0000-882-9701,829.0,1,Caixa de bateria M Cinza,Toda linha de baterias,1,0,9.75,39231090,886661958306
0000-882-9702,949.0,1,Caixa de bateria G Cinza,Toda linha de baterias,1,0,9.75,39231090,886661958313
0000-930-2284,24.69,1,"Fio corte red. Ø 1,4 mm x 16,0 m trs",FSE41,1,10,6.5,39169010,795711271367
0000-930-2415,29.44,1,"Fio corte red.sil. Ø 1,6 mm x 19,0 m",FSA45 FSA56,1,10,6.5,39169010,886661002603
0000-930-2416,36.31,1,"Fio corte red.sil. Ø 2,0 mm x 14,0 m vd",FS75 FE55 FSE65 FSE38,1,10,6.5,39169010,886661002641
0000-930-2419,28.52,1,"Fio corte red.sil. Ø 2,4 mm x 14,0 m la",KA85R KM55R KM85R FS55 E65 E80 E85 E85R E86 E88 E106 E108 E120 E130 E250 FR85 FR106 FR108 FR220 FR350 FR380 FR460,1,10,6.5,39169010,886661002757
0000-930-2422,23.59,1,"Fio corte red.sil. Ø 2,7 mm x 9,0 m vm",FS160 FS220 FS280 FS290 FS300 FS350 FS380 FS460,1,10,6.5,39169010,886661002917
0000-930-3504,42.5,1,"Fio corte dentado Ø 3,0 mm x 0,185 m",DuroCut 20-2; DuroCut 40-4,1,10,6.5,39169010,886661018147
0000-930-3505,51.56,1,"Fio corte dentado Ø 4,0 mm x 0,215 m",DuroCut 40-4,1,10,6.5,39169010,886661018154
0000-930-3614,11.74,1,"Fio corte red. Ø 2,0 mm x 15,3 m vd",FS38 FS75 FE55 FSE65,1,10,6.5,39169010,886661807086
0000-930-3615,72.36,1,"Fio corte red. Ø 2,0 mm x 123,0 m vd",FS38 FS75 FE55 FSE65,1,10,6.5,39169010,886661807093
0000-930-3616,22.74,1,"Fio corte red. Ø 2,4 mm x 15,3 m la",KA85R KM55R KM85R FR85 FR220 E65 FS55 FS80 FS85 FS106 FS108 FS120 FS130 FS250 FS220 FS350 FS380 FS460,1,10,6.5,39169010,886661807109
0000-930-3617,74.78,1,"Fio corte red. Ø 2,4 mm x 87,0 m la",KA85R KM55R KM85R FR85 FR220 E65 FS55 FS80 FS85 FS106 FS108 FS120 FS130 FS250 FS220 FS350 FS380 FS460,1,10,6.5,39169010,886661807116
0000-930-3618,173.73,1,"Fio corte red. Ø 2,4 mm x 261,0 m la",KA85R KM55R KM85R FR85 FR220 E65 FS55 FS80 FS85 FS106 FS108 FS120 FS130 FS250 FS220 FS350 FS380 FS460,1,10,6.5,39169010,886661807123
0000-930-3619,410.18,1,"Fio corte red. Ø 2,4 mm x 688,0 m la",FR85 FR220 E65 FS55 FS80 FS85 FS106 FS108 FS120 FS130 FS250 FS220 FS350 FS380 FS460,1,10,6.5,39169010,886661807130
0000-930-3620,13.95,1,"Fio corte red. Ø 2,7 mm x 10,9 m vm",FS160 FS220 FS280 FS290 FS300 FS350 FS380 FS460,1,10,6.5,39169010,886661807147
0000-930-3621,70.07,1,"Fio corte red. Ø 2,7 mm x 72,0 m vm",FS160 FS220 FS280 FS290 FS300 FS350 FS380 FS460,1,10,6.5,39169010,886661807154
0000-930-3622,183.67,1,"Fio corte red. Ø 2,7 mm x 215,0 m vm",FS160 FS220 FS280 FS290 FS300 FS350 FS380 FS460,1,10,6.5,39169010,886661807161
0000-930-3623,375.56,1,"Fio corte red. Ø 2,7 mm x 512,0 m vm",FS160 FS220 FS280 FS290 FS300 FS350 FS380 FS460,1,10,6.5,39169010,886661807178
0000-930-3624,287.49,1,"Fio corte red. Ø 3,0 mm x 300,0 m am",FS160 FS220 FS280 FS290 FS300 FS350 FS380 FS460,1,10,6.5,39169010,886661807185
0000-930-3800,310.25,1,"Fio corte qua. Ø 3,0 mm x 312,0 m am",FS160 FS220 FS280 FS290 FS300 FS350 FS380 FS460,1,10,6.5,39169010,886661807598
0000-930-3801,315.82,1,"Fio corte qua. Ø 3,3 mm x 228,0 m preto",TrimCut 31-2 TrimCut 41-2 AutoCut 46-2,1,10,6.5,39169010,886661452194
0000-930-4303,117.22,1,"Fio corte CF3 Pro Ø 2,4 mm x 70,0 m 3K",AutoCut C 6-2; AutoCut 25-2; AutoCut C 26-2; AutoCut 46-2; TrimCut C32-2; TrimCut C 42-2; SuperCut 20-2; FixCut 31-2;,1,10,6.5,39169010,886661213894
0000-930-4304,111.73,1,"Fio corte CF3 Pro Ø 2,7 mm x 53,0 m 3K",AutoCut 25-2; AutoCut C 26-2; AutoCut 46-2; TrimCut C 32-2; TrimCut C42-2; SuperCut 20-2; FixCut 31-2; DuroCut 20-2; DuroCut 40-4,1,10,6.5,39169010,886661213900
0000-930-4305,114.18,1,"Fio corte CF3 Pro Ø 3,0 mm x 43,0 m 3K",AutoCut 46-2; TrimCut C 32-2; TrimCut C 42-2; FixCut 31-2; DuroCut 20-2;DuroCut 40-4,1,10,6.5,39169010,886661213917
0000-930-4311,108.69,1,"Fio corte CF3 Pro Ø 3,3 mm x 34,0 m 3K",AutoCut 46-2; TrimCut C 32-2; TrimCut C 42-2; FixCut 31-2; DuroCut 40-4,1,10,6.5,39169010,886661352593
0835-010-7001,82.19,1,"Disco de corte K-ME Ø 350mm/14""",TS350 TS420,1,10,0.0,68042219,795711135584
0835-012-7000,53.63,1,"Disco de corte K-ME Ø 230mm/9""",TSA230,1,10,0.0,68042219,886661066988
0835-020-7001,82.19,1,"Disco de corte K-BA Ø 350mm/14""",TS420 (350 mm - Pedra),1,10,0.0,68042219,795711135607
0835-020-7002,116.21,1,"Disco de corte K-BA Ø 400mm/16""",TS800,1,10,0.0,68042219,795711135638
0835-090-7050,376.95,1,"Disco de corte D-B10 Ø 230mm/9""",TSA230,1,10,0.0,68042219,886661609529
0835-090-7052,596.72,1,"Disco de corte D-B10 Ø 350mm/14""",TS420-Disco 350mm - Pedra TSConcreto,1,10,0.0,68042219,886661609567
0835-090-7053,1006.24,1,"Disco de corte D-B10 Ø 400mm/16""",TS800-Disco 400mm - Pedra TSConcreto,1,10,0.0,68042219,886661609604
0835-094-7001,1403.53,1,"Disco de corte D-BA80 Ø 350mm/14""",TS420-Disco 350mm - Pedra TSAsfalto,0,10,0.0,68042219,886661586882
0835-094-7013,1434.84,1,"Disco de corte D-BA90 Ø 350mm/14""",TS420-Disco 350mm - Pedra TSAsfalto,1,10,0.0,68042219,886661609789
0835-094-7014,2036.56,1,"Disco de corte D-BA90 Ø 400mm/16""",TS800-Disco 400mm - Pedra TSAsfalto,1,10,0.0,68042219,886661609802
0835-096-7005,1497.27,1,"Disco de corte D-SB90 Ø 350mm/14""",TS420-Disco 350mm - Pedra TSArmado TSGranit,1,10,0.0,68042219,886661609505
0835-096-7006,2125.12,1,"Disco de corte D-SB90 Ø 400mm/16""",TS800 - Disco 400mm - Pedra TSArmado TSGranito,1,10,0.0,68042219,886661609512
0835-096-7009,1497.15,1,"Disco de corte D-SB90 Ø 350mm/14""",,1,10,0.0,68042219,886661696048
1121-007-1014,176.56,1,Jogo préaquecimento ar de aspiração,MS260,5,10,5.2,84679100,795711352097
1140-007-1002,41.45,1,Jogo placa de cobertura,MS362,1,10,5.2,84679100,795711520786
3002-001-8041,491.28,1,"Sabre D 75cm/30"" 1,6mm/0.063""",MS051 MS076,5,10,5.2,84679100,795711038250
3002-001-9223,369.84,1,"Sabre D 53cm/21"" 1,6mm/0.063""",MS08 MS051 MS076,5,10,5.2,84679100,795711100810
3002-001-9231,425.04,1,"Sabre D 63cm/25"" 1,6mm/0.063"" 404""",MS051 MS076 MS08,5,10,5.2,84679100,795711158569
3003-000-5213,240.45,1,"Sabre L06 40cm/16"" 1,6mm/0.063"" 3/8""",MS310 MS260 MS361 MS362 MS382 MS460 MS650 MS660,1,10,5.2,84679100,795711038335
3003-000-5221,264.96,1,"Sabre R 50cm/20"" 1,6mm/0.063"" 3/8""",MS310 MS260 MS361 MS362 MS382 MS460 MS650 MS660,1,10,5.2,84679100,795711038359
3003-000-5231,318.77,1,"Sabre L06 63cm/25"" 1,6mm/0.063"" 3/8""",MS460 MS650 MS660,1,10,5.2,84679100,795711038366
3003-000-5306,219.44,1,"Sabre L04 32cm/13"" 1,6mm/0.063"" .325""",MS260,1,10,5.2,84679100,795711038373
3003-000-8453,694.79,1,"Sabre D 90cm/36"" 1,6mm/0.063""",MS651 MS661,1,10,5.2,84679100,795711169824
3003-001-5631,425.04,1,"Sabre D 63cm/25"" 1,6mm/0.063""",MS460 MS650 MS660,5,10,5.2,84679100,795711154851
3003-001-6041,515.85,1,"Sabre S 75cm/30"" 1,6mm/0.063"" 3/8""",MS650 MS660,5,10,5.2,84679100,795711991760
3003-001-9207,259.44,1,"Sabre D 33cm/13"" 1,6mm/0.063"" 3/8""",MS310 MS361 MS260 MS362 MS382,5,10,5.2,84679100,795711170103
3003-001-9213,298.09,1,"Sabre D 40cm/16"" 1,6mm/0.063"" 3/8""",MS310 MS362 MS382 MS460 MS650 MS660,5,10,5.2,84679100,795711038885
3003-001-9221,353.29,1,"Sabre D 50cm/20"" 1,6mm/0.063""",MS034 MS038 MS066 MS361 MS362 MS382 MS460 MS650 MS660,5,10,5.2,84679100,795711038892
3003-001-9241,491.28,1,"Sabre D 75cm/30"" 1,6mm/0.063""",MS064 MS066 MS650 MS660,5,10,5.2,84679100,795711170127
3003-001-9406,282.45,1,"Sabre S 32cm/13"" 1,6mm/0.063"" 3/8""",MS310 MS260 MS361 MS382,5,10,5.2,84679100,795711170134
3003-001-9413,312.99,1,"Sabre S 40cm/16"" 1,6mm/0.063"" 3/8""",MS310 MS260 MS361 MS362 MS382,5,10,5.2,84679100,795711312206
3003-001-9421,370.92,1,"Sabre S 50cm/20"" 1,6mm/0.063"" 3/8""",MS310 MS260 MS361 MS362 MS382 MS460 MS650 MS660,5,10,5.2,84679100,795711349424
3003-001-9431,446.29,1,"Sabre S 63cm/25"" 1,6mm/0.063"" 3/8""",M460 M650 M660,5,10,5.2,84679100,795711991753
3003-008-3317,232.61,1,"Sabre L04 45cm/18"" 1,3mm/0.050"" .325""",MSA300.0,1,10,5.2,84679100,886661807529
3003-008-3321,252.31,1,"Sabre L04 50cm/20"" 1,3mm/0.050"" .325""",MSA300.0,1,10,5.2,84679100,886661807536
3003-008-6813,218.95,1,"Sabre R 40cm/16"" 1,6mm/0.063"" .325""",MS260,1,10,5.2,84679100,795711357962
3005-000-3105,286.24,1,"Sabre C 30cm/12"" 1,1mm/0.043"" 1/4"" P",,1,10,5.2,84679100,795711933937
3005-000-3205,320.34,1,"Sabre C 30cm/12"" 1,3mm/0.050"" 1/4""",,1,10,5.2,84679100,795711933951
3005-000-3905,160.72,1,"Sabre R 30cm/12"" 1,1mm/0.043"" 3/8"" P",HT75 HT131 KA85R KM55R KM85R MS170 MS180 MS180C MS192T MSE141,1,10,5.2,84679100,795711122089
3005-000-4413,212.91,1,"Sabre L04 40cm/16"" 1,1mm/0.043"" 3/8"" P",MSA 220.0 C-B,1,10,5.2,84679100,886661715862
3005-000-4805,187.95,1,"Sabre L04 30cm/12"" 1,3mm/0.050"" 3/8""P",MS210 MS230 MS250 MSE170 HT70K,1,10,5.2,84679100,795711038991
3005-000-4809,193.2,1,"Sabre L04 35cm/14"" 1,3mm/0.050"" 3/8""P",MS210 MS230 MS250 MSE170,1,10,5.2,84679100,795711039004
3005-000-4813,212.91,1,"Sabre L04 40cm/16"" 1,3mm/0.050"" 3/8""P",MS182 MS210 MS212 MS230 MS250 MSE170,1,10,5.2,84679100,795711039011
3005-000-4817,235.02,1,"Sabre L04 45cm/18"" 1,3mm/0.050"" 3/8""P",MS212,1,10,5.2,84679100,795711039028
3005-003-3909,165.32,1,"Sabre R 35cm/14"" 1,1mm/0.043"" 3/8"" P",MS180,1,10,5.2,84679100,795711143992
3005-008-3403,126.21,1,"Sabre R 25cm/10"" 1,1mm/0.043"" 1/4"" P",HTA50 HTA56,1,10,5.2,84679100,795711417093
3005-008-3405,154.32,1,"Sabre L01 30cm/12"" 1,1mm/0.043"" 1/4""P",MSA120 MSA160 MSA200 MSA160T HTA85 HT133 HT75(transmissão nova),1,10,5.2,84679100,795711909765
3005-008-3409,187.95,1,"Sabre L01 35cm/14"" 1,1mm/0.043"" 1/4""P",MSA200,1,10,5.2,84679100,795711981204
3005-008-4905,168.99,1,"Sabre L 30cm/12"" 1,1mm/0.043""",MS162,1,10,5.2,84679100,886661894161
3007-003-0101,72.44,1,"Sabre L 10cm/4"" 1,1mm/0.043""",GTA 26,1,10,5.2,84679100,886661899913
3132-000-1640,2867.32,1,36 RH Rapid Hexa Rolo de corrente,,1,10,5.2,82024000,886661616220
3523-000-1640,2459.93,1,63 PM Picco Micro Rolo de corrente,"3 8“ Picco 1,3mm MS210 250",0,10,0.0,82024000,795711311742
3610-000-0044,77.67,1,61 PMM3 Picco Micro Mini Corrente,MS162 MS170 MS180 MS193T HT75 HT131,1,10,5.2,82024000,795711356378
3610-000-0050,88.26,1,61 PMM3 Picco Micro Mini Corrente,MS172 MS180,1,10,5.2,82024000,795711356408
3610-000-1640,2760.44,1,61 PMM3 Picco Micro Mini Rolo de,"3 8"" Picco 1,1 mm HT75 131 KA85R KM55R KM85R MS170 MS180 MS180C MS193T",1,10,5.2,82024000,795711356507
3613-000-0044,78.92,1,63 PM Picco Micro Corrente,"Corrente 63 PM 30 cm - 3 8"" 1,3 mm - MSE160 MSE170 MS210 MS230 MS250MS210 MS230 MS250",1,10,5.2,82024000,795711400644
3613-000-0050,89.66,1,63 PM Picco Micro Corrente,"Corrente 63 PM 35 cm - 3 8"" 1,3 mm - MS210 230 250",1,10,5.2,82024000,795711400705
3613-000-0055,98.63,1,63 PM Picco Micro Corrente,"Corrente 63 PM 40 cm - 3 8"" 1,3 mm - MS230 250",1,10,5.2,82024000,795711400743
3613-000-1640,2587.59,1,63 PM Picco Micro Rolo de corrente,"MSE 170 C-BQ, MS 210, MS 230 e MS 250",1,10,5.2,82024000,795711400118
3615-000-1640,2849.01,1,63 PMY Picco Micro Rolo de corrente,,1,10,5.2,82024000,795711400132
3616-000-0050,124.95,1,63 PS3 Picco Super Corrente,MSA220,1,10,5.2,82024000,795711888107
3616-000-1640,2587.56,1,63 PS3 Picco Super Rolo de corrente,,1,10,5.2,82024000,795711421205
3621-000-0050,96.93,1,36 RS Rapid Super Corrente,"Corrente 36 RS 32 cm - 3 8"" 1,6 mm - MS310 260 361 362 382",1,10,5.2,82024000,795711267872
3621-000-0052,100.8,1,36 RS Rapid Super Corrente,"Corrente 36 RS 33 cm - 3 8"" 1,6 mm - MS310 260 361 362 382",1,10,5.2,82024000,795711267889
3621-000-0060,116.32,1,36 RS Rapid Super Corrente,"Corrente 36 RS 40 cm - 3 8"" 1,6 mm - MS310 361 462 362 382",1,10,5.2,82024000,795711250966
3621-000-0072,139.58,1,36 RS Rapid Super Corrente,"Corrente 36 RS 50 cm - 3 8"" 1,6 mm - MS362 382 462 651 661",1,10,5.2,82024000,795711250980
3621-000-0084,162.84,1,36 RS Rapid Super Corrente,"Corrente 36 RS 63 cm - 3 8"" 1,6 mm - MS462 651 661",1,10,5.2,82024000,795711267032
3621-000-0096,186.1,1,36 RS Rapid Super Corrente,"Corrente 36 RS 75 cm - 3 8"" 1,6 mm - MS462 651 661 - Duro",1,10,5.2,82024000,795711249137
3621-000-0098,189.98,1,36 RS Rapid Super Corrente,"Corrente 36 RS 75 cm - 3 8"" 1,6 mm - MS462 651 661 - Rollo",1,10,5.2,82024000,795711267049
3621-000-1640,2797.42,1,36 RS Rapid Super Rolo de corrente,MS310 MS361 MS362 MS382 MS462 MS651 MS661,1,10,5.2,82024000,795711190880
3626-000-1640,2797.37,1,36 RS3 Rapid Super Rolo de corrente,,1,10,5.2,82024000,795711297305
3636-000-0045,80.68,1,63 PM3 Picco Micro Corrente,MSE170,1,10,5.2,82024000,795711340032
3636-000-0055,98.6,1,63 PM3 Picco Micro Corrente,MS162 MS182 MS212,1,10,5.2,82024000,795711340094
3636-000-0061,109.37,1,63 PM3 Picco Micro Corrente,MS162 MS212,1,10,5.2,82024000,795711340131
3636-000-1640,2587.56,1,63 PM3 Picco Micro Rolo de corrente,,1,10,5.2,82024000,795711340186
3639-000-0056,114.45,1,26 RS Rapid Super Corrente,"MS260 - Sabres 32 cm - 0.325""",1,10,5.2,82024000,795711348724
3639-000-0067,113.65,1,26 RS Rapid Super Corrente,"MS260 - Sabres 40 cm - 0.325""",1,10,5.2,82024000,795711348809
3639-000-1840,3075.45,1,26 RS Rapid Super Rolo de corrente,.325 MS260,1,10,5.2,82024000,795711344177
3651-000-1640,2797.68,1,35 RM Rapid Micro Rolo de corrente,,1,10,5.2,82024000,795711381349
3652-000-0050,96.93,1,36 RM Rapid Micro Corrente,"Corrente 36 RM 32 cm - 3 8"" 1,6 mm - MS310 260 361 382",1,10,5.2,82024000,795711381486
3652-000-0052,100.8,1,36 RM Rapid Micro Corrente,"Corrente 36 RM 33 cm - 3 8"" 1,6 mm - MS310 260 361 382",1,10,5.2,82024000,795711381493
3652-000-0060,116.31,1,36 RM Rapid Micro Corrente,"Corrente 36 RM 40 cm - 3 8"" 1,6 mm - MS310 260 361 382 462",1,10,5.2,82024000,795711381547
3652-000-0072,139.57,1,36 RM Rapid Micro Corrente,"Corrente 36 RM 50 cm - 3 8"" 1,6 mm - MS382 462 651 661",1,10,5.2,82024000,795711381615
3652-000-0084,162.83,1,36 RM Rapid Micro Corrente,"Corrente 36 RM 63 cm - 3 8"" 1,6 mm - MS462 651 661",1,10,5.2,82024000,795711381684
3652-000-0096,186.1,1,36 RM Rapid Micro Corrente,"Corrente 36 RM 75 cm - 3 8"" 1,6 mm - MS651 661 - Duro",1,10,5.2,82024000,795711406370
3652-000-0098,189.96,1,36 RM Rapid Micro Corrente,"Corrente 36 RM 75 cm - 3 8"" 1,6 mm - MS650 651 660 661 - Rollo",1,10,5.2,82024000,795711381738
3652-000-1640,2797.42,1,36 RM Rapid Micro Rolo de corrente,MS310 MS361 MS362 MS382 MS462 MS651 MS661,1,10,5.2,82024000,795711381820
3653-000-1640,2797.68,1,36 RMX Rapid Micro Rolo de corrente,,1,10,5.2,82024000,795711392604
3664-000-1640,2797.37,1,36 RM3 Rapid Micro Rolo de corrente,,1,10,5.2,82024000,795711396046
3670-000-0028,51.84,1,71 PM3 Picco Micro Corrente,GTA26,1,10,5.2,82024000,886661945078
3670-000-0056,97.2,1,71 PM3 Picco Micro Corrente,HTA50.0,1,10,5.2,82024000,795711690960
3670-000-0064,124.95,1,71 PM3 Picco Micro Corrente,MSA120 MSA140 MSA160 MSA200 MSA160T HTA85 HT133 HT75(transmissão nova),1,10,5.2,82024000,795711690953
3670-000-0065,120.33,1,71 PM3 Picco Micro Corrente,MSA161,1,10,5.2,82024000,886661861316
3670-000-0072,133.31,1,71 PM3 Picco Micro Corrente,MSA200,1,10,5.2,82024000,886661006212
3670-000-1200,2078.63,1,71 PM3 Picco Micro Rolo de corrente,MSA120 MSA140 MSA160 MSA200 HT75 HT133,1,10,5.2,82024000,795711690939
3690-000-0074,125.54,1,23 RS Pro Rapid Super Corrente,MSA300.0,1,10,5.2,82024000,886661879885
3690-000-0081,137.38,1,23 RS Pro Rapid Super Corrente,MSA300.0,1,10,5.2,82024000,886661879908
3690-000-1840,2746.5,1,23 RS Pro Rapid Super Rolo de corrente,,1,10,5.2,82024000,886661831111
3699-000-0055,112.73,1,61 PS3 Pro Picco Super Corrente,MSA 220.0 C-B,1,10,5.2,82024000,886661727940
3699-000-1640,2380.8,1,61 PS3 Pro Picco Super Rolo de corrente,,1,10,5.2,82024000,886661876686
4000-713-3903,313.59,1,Lâmina do triturador 270-2,FS160 FS220 FS290 FS300 FS350 FS380 FS460,1,10,5.2,82084000,795711318291
4000-713-4103,133.82,1,Lâmina de 2 facas de aço 305-2 Especial,FS160 FS220 FS280 FS290 FS300 FS350 FS380 FS460,8,10,5.2,82084000,795711315405
4000-713-4200,99.32,1,"Serra circular 200-44, standard",FS160 FS220 FS280 FS290 FS300 FS350 FS380 FS460,1,10,5.2,82023100,795711043384
4001-710-2105,100.48,1,Cabeçote de corte FixCut 31-2,FS55 FS55R FS80 FS85 FS120 FS131,1,10,5.2,84679900,886661537914
4001-713-3801,69.31,1,Lâmina 230-4,KA85R KM55R KM85R FR85 FR220 E65 FS44 FS55 FS80,1,10,5.2,82084000,795711043414
4001-713-3803,64.31,1,Lâmina 230-8,KA85R KM55R KM85R FR85 FR220 E65 FS44 FS55 FS80,1,10,5.2,82084000,795711043421
4001-713-3805,41.44,1,Lâmina 230-2,KA85R KM55R KM85R FR85 FR220 E65 FS44 FS55 FS80,5,10,5.2,82084000,795711117825
4001-713-3812,69.3,1,Lâmina 260-2,FS80 FS85 FS120 FS130 KA85R KM85R KA120R,1,10,5.2,82084000,886661117505
4002-007-1000,31.07,1,Jogo Lâmina (12 peças),"PolyCut 6-2, 28-2 e 48-2",1,10,5.2,82084000,886661575930
4002-007-1020,33.9,1,Cjto lâminas (12 peças  ),POLYCUT 18-2,1,10,5.2,82084000,886661826001
4002-710-2162,119.77,1,Cabeçote de corte SuperCut 20-2,KA85R KM55R KM85R FR85 FR220 E65 FS55 FS80 FS85 FS106 FS108 FS120 FS130 FS250,1,10,5.2,84679900,795711043544
4002-710-2169,112.63,1,Cabeçote de corte AutoCut C 26-2,KA85R KM55R KM85R FR85 FR220 E65 FS55 FS80 FS85 FS106 FS108 FS120 FS130 FS131,1,10,5.2,84679900,886661166473
4002-710-2182,208.82,1,Cabeçote de corte DuroCut 20-2,FS55 FS55R FS80 FS85 FS120 FS131,1,10,5.2,84679900,886661537150
4002-710-2198,120.1,1,Cabeçote de corte TrimCut C 32-2,KA85R KM55R KM85R FR85 FR220 E65 FS55 FS80 FS85 FS106 FS108 FS120 FS130 FS250,6,10,5.2,84679900,886661948833
4002-710-4313,64.22,1,Carretel com rosca,Peças AutoCut 25-2,1,10,5.2,84679900,795711043599
4002-710-4314,50.22,5,Carretel com rosca,Trimcut 31-2,1,10,5.2,84679900,795711553685
4002-710-4320,64.22,1,Carretel com rosca,AutoCut 25-2 AutoCut 27-2,1,10,5.2,84679900,886661600915
4002-710-4321,79.01,1,Carretel com rosca,,1,10,5.2,84679900,886661601998
4002-820-2300,146.8,1,Cabeçote de corte PolyCut 28-2,FS55 FS55R FS80 FS85 FS120 FS131 KA85R KA120R KM85R,1,10,5.2,84679900,886661538034
4002-820-2302,149.7,1,Cabeçote de corte AutoCut 27-2,KA85R KM55R KM85R FR85 FR220 E65 FS55 FS80 FS85 FS106 FS108 FS120 FS130 FS131 FS160 FS220 FSA135,1,10,5.2,84679900,886661600113
4002-820-2320,153.24,1,Cabeçote de corte PolyCut 18-2,HSA50.1,1,10,5.2,84679900,886661825127
4003-710-2115,156.58,1,Cabeçote de corte AutoCut 46-2,FS160 FS220 FS280 FS290 FS300 FS350 FS380 FS460,6,10,5.2,84679900,886661168224
4003-710-2122,134.24,1,Cabeçote de corte TrimCut C 42-2,FS160 FS220 FS280 FS290 FS300 FS350 FS380 FS460,6,10,5.2,84679900,886661948840
4003-710-2126,169.59,1,Cabeçote de corte PolyCut 48-2,FS160 FS220 FS290 FS300 FS350,1,10,5.2,84679900,886661537853
4003-710-4306,48.22,5,Carretel com rosca,Trimcut 41-2,1,10,5.2,84679900,795711552985
4003-710-4307,72.25,1,Carretel com rosca,FS160 FS220 FS290 FS300 FS350 FS380 FS460,1,10,5.2,84679900,886661166367
4003-710-4310,89.0,1,Carretel com rosca,,1,10,5.2,84679900,886661602001
4004-710-2105,105.26,1,Cabeçote de corte AutoCut 11-2,FS75 FE55,1,10,5.2,84679900,795711043728
4005-007-1002,70.68,1,Conjunto placa de proteção,Cabeçote de corte DuroCut 40-4,1,10,5.2,84679900,886661541874
4005-710-2114,278.36,1,Cabeçote de corte DuroCut 40-4,FS160 FS220 FS290 FS300 FS350 FS380,1,10,5.2,84679900,886661537174
4006-710-2121,83.64,1,Cabeçote de corte AutoCut C 4-2,FSA65 FSA85,1,10,5.2,84679900,795711417062
4006-710-2126,88.03,1,Cabeçote de corte AutoCut C 6-2,FS38 FSE60,1,10,5.2,84679900,886661166466
4006-710-2137,104.1,1,Cabeçote de corte PolyCut 6-2,,1,10,5.2,84679900,886661836284
4008-007-1000,18.49,1,Jogo Lâmina (8 peças),FSA45 FSA85,1,10,5.2,82084000,886661389490
4008-710-2100,170.97,1,Cabeçote de corte AutoCut 2-2,FSA56,1,10,5.2,84679900,795711961077
4008-710-2102,111.76,1,Cabeçote de corte PolyCut 2-2,FSA45,1,10,5.2,84679900,886661367214
4008-710-4300,62.51,1,Carretel com rosca,FSA56,1,10,5.2,84679900,795711963545
4009-710-2100,116.01,1,Cabeçote de corte AutoCut C 3-2,FSA57,1,10,5.2,84679900,886661895069
4009-710-2104,100.96,1,Cabeçote de corte PolyCut 3-2,,1,10,5.2,84679900,886661895083
4020-890-5500,47.57,1,Matriz de afiação,FS86 FS88 FS106 FS108 FS160 FS220 FS280 FR106 FR108,1,10,5.2,82055900,795711160104
4020-890-5501,44.4,1,Matriz de afiação,Lâmina 2 Facas 305-2 Especial,5,10,5.2,82055900,795711553289
4020-893-5000,88.94,1,Travador para serras,Travador para Serra Circular FS85 160 220 290 300 350 380 460,1,10,5.0,73269090,795711072148
4110-713-4204,120.08,1,"Serra circular 225-24, especial",FS160 FS220 FS280 FS290 FS300 FS350 FS380 FS460,1,10,5.2,82023100,795711043827
4111-007-1001,26.44,1,Cjto lâminas (12 peças ),KA85R KM55R KM85R FR85 FR220 E65 FS55 FS80 FS85,1,10,5.2,82089000,795711043834
4112-713-4100,70.99,1,"Lâmina de 3 facas, Ø 250 mm",KA85R KM55R KM85R KMFR 220 KMFS 55 KM80 KM85 KM120 KM1,8,10,5.2,82084000,795711043858
4112-713-4201,99.26,1,"Serra circular 200-80, standard",FS85 FS86 FS88 FS106 FS108 FS120 FS130 FS250,1,10,5.2,82023100,795711043865
4112-713-4203,99.35,1,"Serra circular 200-22, especial",FS85 FS86 FS88 FS106 FS108 FS120 FS130 FS250,1,10,5.2,82023100,795711043872
4119-007-1025,355.9,1,Jogo de ferramentas Serra circular,FS160 FS220 FS280 FS290 FS300 FS350 FS380 FS460,3,10,5.2,82055900,795711541552
4119-710-9001,131.23,1,Cinta dupla para ombro,FS85 FS120 FS130 FS160 FS220 FS250 FS280 FS290 FS300 FS350,0,0,0.0,63079090,795711047184
4119-710-9012,41.24,1,Cinturão,FS55 E65 E80 KM55R KM85R HT75 HT131 SPA65 HTA85 HLA65 HTA86 FSA135 KMA135,5,0,0.0,63079090,795711047207
4119-710-9013,131.23,1,Cinta dupla para ombro,FS160 FS220 FS280,5,0,0.0,63079090,795711859510
4119-713-4100,104.57,1,"Lâmina de 3 facas, Ø 300 mm",FS160 FS220 FS280 FS290 FS300 FS350 FS380 FS460,5,10,5.2,82084000,795711047214
4119-713-4200,99.36,1,"Serra circular 200-22, especial",FS160 FS220 FS280 FS290 FS300 FS350 FS380 FS460,1,10,5.2,82023100,795711047221
4128-007-1008,339.26,1,Jogo Lâmina de trituração (4119 e 4134),FS160 FS220 FS290 FS300 FS350 FS380,1,10,5.2,82084000,795711319434
4128-710-9000,540.74,1,Cinturão,FR85 FR220 FR350,1,0,0.0,63079090,795711086541
4130-710-9000,24.36,1,Cinturão,FS55 E65 E80 KM55R KM85R HT75 HT131 HT70K HTH,3,0,0.0,63079090,795711048785
4133-713-4101,31.32,1,"Lâmina Ø 200x2,4 mm",FCS,1,10,5.2,82084000,795711115142
4133-713-4103,34.61,1,Lâmina para mata espessa Ø,IMPLEM. KM - FCB,1,10,5.2,82084000,886661174270
4137-740-5000,529.0,1,FCB-KM Aparador de cantos,FCB-KM55 85,1,0,0.0,84079000,795711351366
4137-740-5100,269.0,1,FS Implemento Roçadeira,Impl.FS-KA85 4137 CRP,0,10,5.2,82079000,886661548521
4138-640-0201,619.0,1,Engrenagem angular 30°,HT75 HT131,1,0,3.25,84369900,795711201951
4140-710-7131,434.04,1,Tubo do eixo 1 m,KM85R,1,10,0.0,84831090,795711169565
4140-710-7134,369.0,1,Implem. KM - FS Roçadeira s/ conj.corte,FS-KM55 85,1,0,0.0,84079000,795711352301
4147-007-1011,367.96,1,Jogo Lâmina de trituração (4147),FS460,1,10,5.2,82084000,795711858131
4147-007-1023,351.69,1,Conjunto lâmina trituradora,4147,1,10,5.2,82084000,886661588107
4147-710-9000,349.48,1,Cinto universal ADVANCE,FS460,1,0,0.0,63079090,795711682637
4147-710-9001,513.45,1,Cinturão,Linha 4147,1,0,0.0,63079090,795711682644
4147-710-9013,194.9,1,Cinturão ADVANCE PLUS,,1,0,0.0,63079090,795711956912
4147-790-9102,143.6,1,Proteção da mão,PROJETO 4147,1,10,5.2,84679900,795711967079
4180-007-4100,388.55,1,Jogo de manutenção RG / RG-KM,RGA140,1,10,5.2,84679900,886661122172
4180-710-7141,489.0,1,FS-KM Roçadeira,FS-KM55 85,6,10,5.2,84679900,886661180844
4180-710-9000,406.68,1,"Tragsysteme FS, Akku, Forst",FR410,1,0,0.0,63079090,886661386819
4180-713-4350,3144.81,1,Lâmina RG / RG-KM 230-21 Pacote de 20,"4137,FA02,4134",1,10,5.2,82084000,886661123063
4180-740-5002,759.0,1,FCB-KM Aparador de cantos,FCB-KM55 85,1,10,5.2,82079000,886661111749
4180-740-5006,1429.01,1,RG-KM Removedor de ervas daninhas,,1,10,5.2,84679900,886661867318
4180-740-5100,1179.0,1,FCS Implemento Aparador de cantos,KA85 KA120,1,10,5.2,82079000,886661112050
4180-740-5101,1299.0,1,RG Removedor de ervas daninhas,RGA140 FS85 FS120 FS131KA85R FS120R,1,10,5.2,82079000,886661867301
4182-200-0208,1249.0,1,"Implem. KM - HT Motopoda,30cm/12"",61PMM3",,0,10,5.2,82079000,886661538195
4182-200-0212,1269.0,1,"Implem. KM - HT Motopoda,30cm/12"",71PM3",Implemento KM55 85 - HT,1,10,5.2,84679100,886661545568
4182-200-0215,1498.99,1,"HT Implemento Moto-poda,30cm/12"",71PM3",,0,10,5.2,84679100,886661553457
4182-200-0217,1139.0,1,"HT Implemento Moto-poda,30cm/12"",61PMM3",,0,10,5.2,84679100,886661599929
4182-640-0200,649.0,1,Engrenagem angular 30°,Para nova haste Telescópica do HT75 133,1,10,0.0,84834090,886661542000
4201-007-1014,296.16,1,Jogo conexão para agua,TS350,1,10,5.2,84679900,795711321727
4203-007-1013,579.75,1,Jogo disp.pulveriz.(atomiz./polvilhada),SR400 SR420,1,10,3.25,84249090,795711050436
4203-007-1019,132.55,1,Jogo bico ULV,SR400 SR420,1,10,3.25,84249090,795711160142
4203-007-1045,73.97,1,Jogo de conversão,BR420,5,10,3.25,84249090,795711382353
4203-710-9102,119.12,1,Cinta para o quadril,SR400 SR420,1,0,0.0,63079090,795711265021
4205-007-1009,392.34,1,Jogo direção de corte,TS420 TS760 TS800,1,10,5.2,84679900,795711194505
4224-007-1014,250.17,1,Jogo conexão rodas TS,TS420 TS800,1,10,5.2,84679900,795711360634
4224-007-1018,701.85,1,Jogo recipiente para água,TS420 TS800,1,10,5.2,84679900,795711828868
4224-200-0038,4221.71,1,FW 20 Carrinho de transporte,TS420,1,0,0.0,84289090,886661426218
4224-200-0039,4221.71,1,FW 20 Carrinho de transporte,TS800,1,0,0.0,84289090,886661426232
4224-710-1403,2719.0,1,FW 20 Carrinho de transporte,,1,0,0.0,84289090,886661423606
4224-790-0704,974.81,1,Assento,TS420-FW20,1,10,5.2,84679900,795711567439
4224-790-0705,1103.19,1,"Jogo de assentamento TS 700, 800",TS800,1,10,5.2,84679900,795711350918
4229-708-9702,154.97,1,Saco coletor,BG56 BG85 SH56,1,0,3.25,59119000,795711606718
4230-740-5000,1309.0,1,HL-KM 135° Podador especial,KM55R KM85R,1,10,5.2,84679900,795711318796
4241-007-1003,304.49,1,Jogo Tubos para limpeza de calhas,BG56 SH56 BG86 BGE71,1,10,0.0,39172100,795711383633
4241-700-2200,573.31,1,Jogo Disp. de sucção,BG56 BG86 SH56,1,10,3.25,84149020,795711384760
4243-740-5003,1729.0,1,HL-KM 145° Podador especial,KM55R KM85R,6,10,5.2,84679900,886661157259
4243-740-5101,1429.01,1,HL 145° Podador especial,KA85 KA120,1,10,5.2,82079000,886661157297
4244-007-1004,535.08,1,Jogo bomba de pressão,SR430 SR450,5,10,0.0,84136019,795711601829
4244-007-1022,34.89,1,Jogo bico ULV,SR430 SR450,0,10,3.25,84249090,886661552146
4247-007-1005,100.69,1,Jogo de bicos,SG20,3,10,3.25,84249090,795711690533
4247-019-4900,639.0,1,SG 20 Pulverizador Manual,SG20,1,0,0.0,84244100,795711340551
4247-500-2100,187.17,1,Lança telescópica,SG20,3,10,3.25,84249090,795711352776
4247-500-7400,166.35,1,Válvula de pressão 1 bar,SG20,5,10,0.0,84811000,795711411596
4247-500-7401,172.56,1,"Válvula de pressão 1,5 bar",SG20,8,10,0.0,84811000,795711411602
4247-500-7402,149.57,1,Válvula de regulagem 2 bar,SG20,3,10,0.0,84811000,795711411619
4247-500-8500,77.4,1,Bico garfo - suporte,SG20,3,10,3.25,84249090,795711532352
4247-502-1001,15.94,1,Bico 400 cc/min 80-01,SG20,3,10,3.25,84249090,795711352790
4249-740-5100,2619.0,1,SP 10 Derriçador,KA85 KA120,6,10,5.2,84679900,795711367848
4250-790-0702,1103.19,1,Assento,TS410 TS420 TS500i,1,10,5.2,84679900,886661405749
4255-007-1000,106.25,1,Jogo de bicos,SG11 SG71,1,10,3.25,84249090,886661133437
4255-019-4914,109.0,6,SG 11 Pulverizador Manual,SG11,6,0,0.0,84244100,886661268993
4255-019-4932,379.0,1,SG 31 Pulverizador Manual,SG31,1,0,0.0,84244100,886661269006
4255-019-4973,639.0,1,SG 71 Pulverizador Manual,SG71,6,0,0.0,84244100,886661269013
4255-500-0301,40.5,1,Extensão da lança,SG11,1,10,3.25,84249090,886661133543
4255-500-2800,23.89,1,Carcaça do bico,SG31,1,10,3.25,84249090,886661054107
4255-500-5800,130.68,1,Proteção contra respingos,SG31,1,10,3.25,84249090,886661017904
4255-500-7403,174.28,1,Válvula de regulagem 1 bar,SG71,1,10,0.0,84811000,886661358243
4255-500-7404,174.28,1,"Válvula de regulagem 1,5 bar",SG71,1,10,0.0,84811000,886661358250
4255-500-7405,173.63,1,Válvula de regulagem 2 bar,SG71,1,10,0.0,84811000,886661358267
4255-500-8500,129.96,1,Bico garfo - suporte,SG71,1,10,3.25,84249090,886661133451
4255-500-9702,479.35,1,Tubo de jato largo,SG71,1,10,3.25,84249090,886661251254
4255-502-1700,54.71,1,Bico chato 80-04,SG71 SG71,1,10,3.25,84249090,886661133604
4255-502-1701,89.07,1,Bico chato 65-0025,SG71,1,10,3.25,84249090,886661133628
4255-502-1702,20.51,1,Bico chato 80-02,SG71,1,10,3.25,84249090,886661174737
4255-700-6302,44.38,1,Bico cônico ajustável,SG31 SG71,1,10,3.25,84249090,886661133468
4255-700-6303,23.47,1,"Bico cônico oco 2,5mm",SG71,1,10,3.25,84249090,886661133482
4255-700-6304,142.43,1,Bico cônico cheio,SG71,1,10,3.25,84249090,886661133499
4260-710-7100,372.2,1,"Tubo do eixo Ø 25,4 x 1498 mm",KA85 KA120,5,10,0.0,84831090,886661537310
4260-710-7101,682.84,1,"Tubo do eixo Ø 25,4 x 1748 mm",KA85 KA120,5,10,0.0,84831090,886661537327
4260-740-5100,1439.0,1,SP 20 Derriçador,KA85R KA120 (Transmissão + Eixo Flexível),0,10,5.2,84679900,886661263233
4282-708-6304,79.96,1,Bico chato curvado,BR800,1,10,3.25,84149020,886661035991
4282-708-6340,43.6,1,Bico chato curvado,BR600,1,10,3.25,84149020,795711384777
4282-710-9101,137.14,1,Cinturão,BR600,1,0,0.0,63079090,795711823276
4282-790-1700,233.88,1,Tubo do punho,BR600,1,10,3.25,84249090,795711372255
4311-680-2350,368.9,1,Prolongamento da haste 450 mm,BT120 BT121 BT130 BT131,1,10,5.2,84679900,795711052935
4311-680-4010,1181.43,1,Mandril de brocas,BT121,1,0,3.25,84314390,795711053062
4313-680-2300,314.39,1,Prolongamento da haste 250 mm,BT121 BT120 BT130 BT131,1,10,5.2,84679900,795711416560
4314-007-1000,337.36,1,Jogo Mandril de brocas,BT45,1,10,5.2,84679900,795711352875
4314-007-1001,322.06,1,Kit para perfurador Solo or plantio,BT45,1,10,5.2,84679900,795711352882
4314-007-1004,511.3,1,Jogo Mandril de brocas,BT45,1,10,5.2,84679900,795711352899
4314-680-1903,547.48,1,"Broca perfuradora solo para plantio 3""",BT45,1,10,5.2,82071910,795711178741
4314-680-1904,567.64,1,"Broca perfuradora solo para plantio 4""",BT45,1,10,5.2,82071910,795711178758
4314-680-1905,590.31,1,"Broca perfuradora solo para plantio 5""",BT45,1,10,5.2,82071910,795711178765
4314-680-4000,248.93,1,Mandril de brocas,BT45,1,0,0.0,84661000,795711214586
4314-680-4001,239.64,1,Mandril de brocas,BT45,1,0,0.0,84661000,795711194512
4314-682-3900,25.06,1,Adaptador,BT45,1,10,5.2,84679900,795711353094
4314-682-5013,149.05,1,Broca para madeira de aço Ø 13x320 mm,BT45,1,10,5.2,82075011,795711179595
4314-682-5019,190.17,1,Broca para madeira de aço Ø 19x460 mm,BT45,1,10,5.2,82075011,795711179618
4314-682-5025,253.99,1,Broca para madeira de aço Ø 25x460 mm,BT45,1,10,5.2,82075011,795711179656
4404-680-1900,1030.54,1,Broca perfuradora de solo Ø 260 mm,BT120 BT121 BT130 BT131,1,10,5.2,82071910,795711093921
4404-680-2012,1207.7,1,Broca perfuradora de solo de aço Ø 120mm,BT120 BT121 BT130 BT131,1,10,5.2,82071910,795711086251
4404-680-2020,1306.71,1,Broca perfuradora de solo de aço Ø 200mm,BT120 BT121 BT130 BT131,1,10,5.2,82071910,795711086275
4520-400-6530,519.0,1,AK 10 Bateria,MSA120 FSA56 BGA56 HSA56,1,0,11.25,85076000,886661575527
4520-400-6535,799.0,1,AK 20 Bateria,MSA120 FSA56 BGA56 HSA56,1,0,11.25,85076000,886661575565
4520-400-6545,1189.0,1,AK 30.0 S Bateria,,1,0,11.25,85076000,886661575640
4520-602-0900,30.44,1,Tampa do compartimento da bateria AK,Todas as máquinas da linha C,1,0,5.0,39235000,886661552771
4601-710-1504,1279.0,1,BF Implemento Cultivador do solo,KA85,1,10,5.2,82079000,795711288372
4601-740-5000,1719.0,1,BF-KM Cultivador do solo,KM55 KM85,1,10,5.2,82079000,795711319076
4606-740-5000,739.0,1,BG-KM Soprador axial,KM55R KM85R,1,10,5.2,82079000,795711349851
4811-700-2201,573.31,1,Disp. de sucção,BGE71,1,10,3.25,84149020,886661435401
4850-400-6568,2419.0,1,AP 200.0 S Bateria,,1,0,11.25,85076000,886661561254
4850-400-6578,2729.0,1,AP 300.0 S Bateria,,1,0,11.25,85076000,886661025794
4850-430-2528,279.0,1,"AL 101, 220 V Carregador",AK 10 20 Bateria - MSA120 FSA56 BGA56 BGAHS,1,10,5.0,85044010,886661257782
4850-430-2529,279.0,1,"AL 101, 127 V Carregador",127VAK 10 20 Bateria - MSA120 FSA56 BGA56 HSA56,1,10,5.0,85044010,886661257805
4850-430-5709,1249.0,1,"AL 500, 127 V Carregador rápido de",Baterias sistemas AK e AP,1,10,5.0,85044010,886661478200
4850-440-0505,417.21,1,Adaptador AP ADA 100,,1,0,9.75,85366990,886661570508
4850-440-5101,1159.19,1,Bolsa de cintura AP com cabo elétrico,,1,10,5.0,85444200,886661512232
4850-490-0400,654.36,1,Sistema de suporte,,1,0,0.0,63079090,886661405282
4850-490-0500,367.4,1,Cinto para baterias com cinto de suporte,,1,0,0.0,63079090,886661635689
4850-491-0101,198.9,1,Bolsa,FW20,1,0,6.5,42029200,795711854119
4850-602-0900,26.2,1,Tampa do compartimento da bateria AP,Todas as máquinas da linha P,1,0,5.0,39235000,795711843373
4852-713-3401,84.69,1,Grampo,FSA65 FSA85,1,10,6.5,73182400,795711696580
4857-007-1001,183.33,1,Jogo pé de suporte,HTA86,1,10,5.2,84679100,886661138999
4864-690-0801,674.69,1,Batente de profundidade com tubo de asp.,TSA230,1,10,5.2,84679100,886661161720
4866-701-8301,69.92,1,Bico chato reto,BGA 86,1,10,3.25,84149020,886661754571
4900-500-1627,413.1,1,Bico turbo,RE920KM,5,10,3.25,84249090,795711621506
4900-500-1630,161.1,1,Bico turbo verde,RE88 RE98 RE109-127V RE220V,1,10,3.25,84249090,795711398415
4900-500-1641,413.1,1,Bico turbo W12 040,RE230 RE232 - 220V,1,10,3.25,84249090,795711353483
4900-500-1671,530.1,1,Bico turbo,RE142,1,10,3.25,84249090,795711189402
4900-500-1698,86.9,1,Bico turbo turquesa,RE98-127V,1,10,3.25,84249090,795711924812
4900-500-3011,1000.96,1,Escova de limpeza,RE232,1,0,0.0,96035000,795711058203
4900-500-3903,164.89,1,Dispositivo de limpeza p/superf. RA82,RE98,0,0,0.0,96035000,886661367016
4900-500-6320,71.76,1,Bico leque amarelo,RE88-220V - RE98-127V RE220V,1,10,3.25,84249090,795711924799
4900-500-6321,224.1,1,Bico leque verde,RE108-127V,1,10,3.25,84249090,795711398422
4900-500-6322,71.76,1,Bico leque turquesa,RE88-127V - RE109-127V RE220V,1,10,3.25,84249090,795711398439
4900-500-6325,152.9,1,Bico leque rosa,RE108-220V,1,10,3.25,84249090,795711619770
4900-500-6700,36.09,1,Conexão,RE107 RE108 RE142,1,10,0.0,39174090,795711353575
4900-500-6702,33.5,1,Conexão,RE142,1,10,0.0,39174090,795711212827
4900-500-6705,56.6,1,Conexão,RE108 RE143,1,10,0.0,39174090,886661152544
4900-502-0900,4.03,1,Capa de proteção,RE107 RE108 RE142,1,10,9.75,39269090,795711058371
4900-502-0903,59.97,1,Capa de proteção,RE230 RE232,1,10,9.75,39269090,795711863494
4900-502-1021,74.09,1,Bico 25035,RE232,1,10,3.25,84249090,886661355143
4900-502-1033,74.09,1,Bico 2506,RE107 RE108 RE142,1,10,3.25,84249090,795711058548
4901-500-2610,46.53,1,Bico de limpeza do radiador,SE33,1,0,6.5,85087000,795711059101
4901-502-2200,17.02,5,Bico para cantos 300 mm,se50 se90 SE33,1,0,6.5,85087000,795711059484
4901-502-2300,26.25,5,Bico universal,se50 se90 SE33,1,0,6.5,85087000,795711059514
4901-502-2400,56.9,1,Bico do tubo inclinado,SE33,1,0,6.5,85087000,795711059538
4901-502-2600,67.27,1,Bico da escova,SE33,1,0,6.5,85087000,795711059569
4901-502-2900,55.66,1,Bico Escova Ø 36 mm,SE33,1,0,6.5,85087000,795711059606
4910-500-0500,289.0,1,Mangueira de aspiração 3 m,RE88 RE98 RE90 RE95 RE109 RE110 RE143 RE150 RE330 RE232,1,0,6.5,40093210,886661861996
4910-500-0801,219.01,1,Mangueira de alta pressão DN06 7 m,RE80X RE80 RE90.0 RE90Plus RE90 RE95 RE110,1,10,3.25,39173900,886661952267
4910-500-0802,409.0,1,Mangueira de alta pressão DN06 9 m,RE80X RE80 RE90.0 RE90Plus RE90 RE95 RE110 RE143 RE150,1,0,6.5,40092210,886661952274
4910-500-0803,865.51,1,Mangueira de alta pressão DN06 20 m,RE90 RE110,1,0,6.5,40092290,886661952281
4910-500-0901,232.44,1,"Extensão da lança reto 0,43 m",RE80X RE80 RE90.0 RE90Plus RE90 RE95 RE110 RE143 RE150,1,10,3.25,84249090,886661715169
4910-500-1800,353.28,1,Dispositivo de jateamento com líquido,RE80X RE80 RE90.0 RE90Plus RE90 RE95 RE110 RE143 RE145 RE1,1,10,3.25,84249090,886661861989
4910-500-1900,368.1,1,"Lança de jatear angular 1,08 m",RE80X RE80 RE90.0 RE90Plus RE90 RE95 RE110 RE143 RE150,1,10,3.25,84249090,886661861965
4910-500-3901,349.0,1,Lavadora superficial RA 110,RE80X RE80 RE90.0 RE90Plus RE90 RE95 RE110 RE143 RE150,1,10,3.25,84249090,886661861958
4910-500-3902,289.01,1,Lavadora superficial RA 90,RE80X RE80 RE90.0 RE90Plus RE90 RE95 RE110 RE143 RE150,1,10,3.25,84249090,886661645213
4910-500-3903,349.0,1,Lavadora superficial RA 110,,1,10,3.25,84249090,886661728961
4910-500-5900,319.05,1,Escova rotativa,RE80X RE80 RE90.0 RE90Plus RE90 RE95 RE110 RE143 RE150,1,10,3.25,84249090,886661861934
4910-500-5911,319.05,1,Escova rotativa,INTRO.: JAN 2025,1,10,3.25,84249090,886661728985
4910-500-6000,182.84,1,Escova de limpeza,RE80X RE80 RE90.0 RE90Plus RE90 RE95 RE110 RE143 RE150,1,0,0.0,96035000,886661861903
4910-500-6100,201.84,1,Kit de limpeza de veículos,RE90 RE95 RE110,1,10,3.25,84249090,886661861927
4910-500-6101,229.01,1,Kit de limpeza de veículos,RE80X RE80 RE90.0 RE90Plus RE90 RE95 RE110 RE143 RE150,1,10,3.25,84249090,886661566334
4910-500-8000,278.99,1,Jogo de limpeza de tubos 15 m,RE88 RE90 RE95 RE98 RE109 RE110 RE143 RE150,6,10,3.25,84249090,886661862009
4910-500-8600,375.2,1,Mangueira plana com carretel fixo,RE80X RE80 RE90.0 RE90Plus RE90 RE95 RE110 RE143 RE150 RE2,1,10,3.25,84249090,886661952298
4910-500-9600,197.1,1,Bico de espuma,RE90 RE110,6,10,3.25,84249090,886661863921
4910-500-9601,197.1,1,Bico de espuma,RE143 RE150,6,10,3.25,84249090,886661408993
4910-550-3400,561.28,1,Escova rotativa,RE80X RE150,1,0,0.0,96035000,795711514419
4910-550-3500,1219.0,1,Lança telescópica,RE80X RE150,1,10,3.25,84249090,795711514426
4915-500-0929,99.0,1,Lança de jatear,RE107,1,10,3.25,84249090,795711378356
4915-500-1600,227.76,1,Bico turbo,RE800K REKM,5,10,3.25,84249090,795711628604
4915-500-5603,117.09,1,Conjunto de pulverização,RE107 RE108,1,10,3.25,84249090,795711378363
4915-500-5605,75.9,1,Cj. bico/reserv.detergente,RE800K REKM,5,10,3.25,84249090,795711353926
4915-500-5698,113.36,1,Conjunto de pulverização,RE88 RE98,1,10,3.25,84249090,795711916503
4915-500-6702,160.55,1,Conexão,RE107 RE108 RE142,1,10,0.0,39174090,795711354022
4915-501-1000,33.5,1,"Protetor de mangueira 5,5 m D1/2"" PE",Todas as lavadoras,5,10,0.0,39269090,795711640774
4915-501-1001,51.45,1,"Protetor de mangueira 7,5 m D1/2"" PE",Todas as lavadoras,5,10,0.0,39269090,795711354046
4915-502-0900,56.66,1,Capa de proteção,RE232,1,10,3.25,84249090,886661397020
4925-500-0840,607.96,1,Mangueira de alta pressão DN06 10 m,RE230 RE232,1,0,6.5,40093210,795711693473
4925-500-0841,1017.45,1,Mangueira de alta pressão DN06 20 m,RE230 RE232,1,10,6.5,40091290,795711693480
4925-500-1800,980.61,1,Dispositivo de jateamento com líquido 05,RE232,1,10,3.25,84249090,795711693541
4925-500-3811,224.1,1,Bico leque,RE230 RE232 - 220V,1,10,3.25,84249090,886661066810
4925-500-5900,1163.76,1,Escova rotativa,RE230 RE232,1,10,3.25,84249090,795711693329
4925-500-6701,131.36,1,Conexão,RE230 RE232,1,10,0.0,39174090,795711924164
4925-500-8304,696.16,1,Bico do rotor com lança de jatear W12,RE230 RE232,1,10,3.25,84249090,795711693411
4925-500-8401,372.9,1,"Lança jatear curva c/capa do bico,950 mm",RE230 RE232,1,10,3.25,84249090,795711826024
4925-500-9600,219.0,1,Bico de espuma,Recipientes de 1 litro com jato regulávelRE230,1,10,3.25,84249090,886661151837
4950-790-5400,62.15,1,Suporte para mangueira plana,RE110,1,10,3.25,84249090,886661832040
5203-200-0010,4399.01,1,USG Afiador completo 220 V/60 Hz,,3,0,0.0,84603900,886661621576
5203-200-0011,4399.01,1,USG Afiador completo 127 V/60 Hz,,5,0,0.0,84603900,886661621583
5203-750-1000,2011.55,1,USG Cj. afiador de corrente,Não acompanha motor elétrico e suporte giratório,1,0,0.0,84603900,795711095390
5203-750-1400,1584.73,1,Suporte giratório,USG,1,0,0.0,84669350,795711115166
5203-750-2800,907.07,1,Suporte giratório para lâminas circulare,USG,1,0,0.0,84669350,795711115197
5203-750-7018,140.43,1,Rebolo perfilado Hexa,,1,0,0.0,68042290,886661618866
5203-757-0901,1126.84,1,"Rebolo perfilado de diamante Ø125/12 R2,",KIT Resgate MS460,1,10,0.0,68042119,795711115203
6235-710-4305,57.52,1,Carretel com rosca,Cj.corte nylon- FSE41,1,10,5.2,84679900,795711112127
6906-710-0922,1432.23,1,Kit rodas de ferro  AMR 060.0,MH610,1,0,3.25,84329000,886661516773
6906-710-0924,2088.45,1,Kit rodas de ferro AMR 070.0,MH710,1,0,3.25,84329000,886661516872
6906-740-1401,1133.04,1,Roda ART 012.0,MH610,1,0,3.25,84329000,886661356621
6906-820-2200,324.45,1,Adaptador para transporte de estrela tri,MH610,1,0,3.25,84329000,886661525553
6909-007-1085,468.03,1,Kit para cortador de grama RMA 370,RMA370,1,10,5.2,84679900,795711941383
6909-400-4300,2289.0,1,Adaptador para compartimento duplo da ba,ADA 100,1,10,3.25,84149020,795711995195
EA01-400-6503,4429.0,1,AP 500 S Bateria,,1,0,11.25,85076000,886661870035
EA02-400-6500,189.0,1,AS 2 Bateria,HSA26 GTA26,1,0,11.25,85076000,886661915415
EA03-430-2508,189.0,1,"AL 1, 220 - 240 V Carregador",HSA26 GTA26,1,10,5.0,85044010,886661870417
EA03-430-2509,189.0,1,"AL 1, 100 - 127 V Carregador",HSA26 GTA26,1,10,5.0,85044010,886661933914
EA03-430-5708,449.0,1,"AL 5, 220 V Carregador rápido de bateria",HSA50.1,1,10,5.0,85044010,795711882471
EA03-430-5709,449.0,1,"AL 5, 127 V Carregador rápido de bateria",HSA50.1,1,10,5.0,85044010,795711882495
EA09-430-5508,669.0,1,"AL 301, 220 V Carregador",Carregador de bateria 220V,1,10,5.0,85044010,886661614363
EA09-430-5509,669.0,1,"AL 301, 127 V Carregador",Carregador de bateria 127V,1,10,5.0,85044010,886661614448
EA09-430-5708,1249.0,1,"AL 501, 220 V Carregador rápido de",,1,10,5.0,85044010,795711997991
EA09-430-5709,1249.0,1,"AL 501, 127 V Carregador rápido de",,1,10,5.0,85044010,795711998035
EA11-430-5708,1229.0,1,"AL 5-2, 220 V Carregador rápido de",HSA50.1,1,10,5.0,85044010,795711882976
EA11-430-5709,1229.0,1,"AL 5-2, 127 V Carregador rápido de",HSA50.1,1,10,5.0,85044010,795711882990
GA01-490-1700,223.64,1,Estojo,GTA26,1,0,6.5,42029200,886661475568
GA01-820-5000,565.94,1,Extensão GTA 26,,1,10,5.2,84679100,795711864491
HA01-007-1000,234.47,1,Jogo pé de suporte,HTA50,1,10,5.2,84679900,886661926459
HA01-820-5000,273.96,1,"Extensão 0,5 m",HLA56,1,10,5.2,84679900,886661858514
HA03-710-7100,341.66,1,Haste telescópica,HSA26,1,10,5.2,84679900,886661937608
LA01-007-1002,166.08,1,Jogo pé de suporte,HTA 135.0,1,10,5.2,84679100,886661595891
LA02-820-5000,273.96,1,"Extensão 0,5 m",HTA50,1,10,5.2,84679100,886661879632
RA02-500-5900,319.04,1,Escova rotativa,RCA20,1,10,3.25,84249090,886661427147
SA03-007-1000,120.47,1,Jogo Mini bicos,SEA 20.0,1,0,6.5,85087000,886661747474
SA03-080-1900,59.48,1,Filtro,SEA20,1,0,0.0,84213990,886661596652
SA03-500-2700,43.36,1,Tubeira para o solo,SEA20,1,0,6.5,85087000,886661690466
SA04-500-9000,104.12,1,Saco do filtro,SEA100,1,0,3.25,59119000,198520015472
SE01-500-9000,104.12,1,Saco do filtro,SE33,1,0,3.25,59119000,886661506941
SE01-500-9000,104.12,1,Saco do filtro,SE33,1,0,3.25,59119000,886661506941
SE01-500-9000,104.12,1,Saco do filtro,SE33,1,0,3.25,59119000,886661506941
SE01-703-5900,138.14,1,Filtro,SE33,1,0,0.0,84213990,886661510528
SE01-703-5900,138.14,1,Filtro,SE33,1,0,0.0,84213990,886661510528
SE01-703-5900,138.14,1,Filtro,SE33,1,0,0.0,84213990,886661510528
